id,title,area,course,grade,module,category,scope,status,paragraphs,words,voice_flagged,changed_since_extraction,topics,texts,standards_fl,standards_tx,standards_ccss,pairs_with,visuals,source_url
age-of-exploration-coronado-and-the-llano-estacado,Coronado and the Llano Estacado,age-of-exploration,txhist7,7,quarter-1-week-04,historic-context,text-specific,extracted,6,250,1,False,,,,,,,0,https://github.com/optimaondemand/optima-history/blob/main/age-of-exploration/coronado-and-the-llano-estacado.html
age-of-exploration-eight-years-walking,Eight Years Walking,age-of-exploration,txhist7,7,quarter-1-week-03,biography,text-specific,extracted,4,156,0,False,,,,,,,0,https://github.com/optimaondemand/optima-history/blob/main/age-of-exploration/eight-years-walking.html
age-of-exploration-moscoso-the-caddo-and-four-different-texases,"Moscoso, the Caddo, and Four Different Texases",age-of-exploration,txhist7,7,quarter-1-week-04,geography,text-specific,extracted,10,427,0,False,confederacy,,,,,,0,https://github.com/optimaondemand/optima-history/blob/main/age-of-exploration/moscoso-the-caddo-and-four-different-texases.html
age-of-exploration-shipwreck-on-the-island-of-misfortune,Shipwreck on the Island of Misfortune,age-of-exploration,txhist7,7,quarter-1-week-03,historic-context,text-specific,extracted,6,308,0,False,,,,,,,0,https://github.com/optimaondemand/optima-history/blob/main/age-of-exploration/shipwreck-on-the-island-of-misfortune.html
age-of-exploration-the-fall-of-tenochtitlan,The Fall of Tenochtitlán,age-of-exploration,txhist7,7,quarter-1-week-02,historic-context,text-specific,extracted,7,383,0,False,conquistador,,,,,,0,https://github.com/optimaondemand/optima-history/blob/main/age-of-exploration/the-fall-of-tenochtitlan.html
age-of-exploration-the-question-every-empire-faced,The Question Every Empire Faced,age-of-exploration,txhist7,7,quarter-1-week-01,historic-context,text-specific,extracted,7,332,1,False,empire;trade-routes,,,,,,0,https://github.com/optimaondemand/optima-history/blob/main/age-of-exploration/the-question-every-empire-faced.html
age-of-exploration-three-models-side-by-side,"Three Models, Side by Side",age-of-exploration,txhist7,7,quarter-1-week-01,historical-concept,text-specific,extracted,6,177,0,False,colony;empire;trade-routes,,,,,,2,https://github.com/optimaondemand/optima-history/blob/main/age-of-exploration/three-models-side-by-side.html
age-of-exploration-why-it-worked-and-what-1519-found-in-texas,"Why It Worked, and What 1519 Found in Texas",age-of-exploration,txhist7,7,quarter-1-week-02,historic-context,text-specific,extracted,8,291,0,False,conquistador;encomienda,,,,,,0,https://github.com/optimaondemand/optima-history/blob/main/age-of-exploration/why-it-worked-and-what-1519-found-in-texas.html
ancient-anatolia-the-hittites-anatolian-cities-ironworking-and-ch,"The Hittites: Anatolian Cities, Ironworking and Chariots, Empire, Battle of Kadesh",ancient-anatolia,wh6,6,week-08,primary-source,text-specific,extracted,19,1611,0,False,cuneiform,,,,,,0,https://github.com/optimaondemand/optima-history/blob/main/ancient-anatolia/the-hittites-anatolian-cities-ironworking-and-ch.html
ancient-egypt-egypt-divided-and-a-king-from-the-south,"Egypt Divided, and a King from the South",ancient-egypt,wh6,6,week-10,biography,text-specific,extracted,13,1295,2,False,maat,,,,,,0,https://github.com/optimaondemand/optima-history/blob/main/ancient-egypt/egypt-divided-and-a-king-from-the-south.html
ancient-egypt-hatshepsut-and-the-voyage-to-punt,Hatshepsut and the Voyage to Punt,ancient-egypt,wh6,6,week-06,biography,text-specific,extracted,17,1325,1,False,,,,,,,0,https://github.com/optimaondemand/optima-history/blob/main/ancient-egypt/hatshepsut-and-the-voyage-to-punt.html
ancient-egypt-herodotus-and-a-dynasty-that-looked-backward,"Herodotus, and a Dynasty That Looked Backward",ancient-egypt,wh6,6,week-10,primary-source,text-specific,extracted,11,1140,3,False,,,,,,,0,https://github.com/optimaondemand/optima-history/blob/main/ancient-egypt/herodotus-and-a-dynasty-that-looked-backward.html
ancient-egypt-the-gift-of-the-nile-narmer-unites-egypt,The Gift of the Nile: Narmer Unites Egypt,ancient-egypt,wh6,6,week-05,geography,text-specific,extracted,17,1404,0,False,maat,,,,,,0,https://github.com/optimaondemand/optima-history/blob/main/ancient-egypt/the-gift-of-the-nile-narmer-unites-egypt.html
ancient-egypt-the-old-kingdom-pyramids-labor-and-wisdom,"The Old Kingdom: Pyramids, Labor, and Wisdom",ancient-egypt,wh6,6,week-05,biography,text-specific,extracted,14,1165,0,False,maat,,,,,,0,https://github.com/optimaondemand/optima-history/blob/main/ancient-egypt/the-old-kingdom-pyramids-labor-and-wisdom.html
ancient-egypt-the-sea-peoples-and-a-world-in-crisis,The Sea Peoples and a World in Crisis,ancient-egypt,wh6,6,week-09,historical-concept,text-specific,extracted,14,1111,0,False,,,,,,,0,https://github.com/optimaondemand/optima-history/blob/main/ancient-egypt/the-sea-peoples-and-a-world-in-crisis.html
ancient-egypt-thutmose-iii-and-the-battle-of-megiddo,Thutmose III and the Battle of Megiddo,ancient-egypt,wh6,6,week-06,biography,text-specific,extracted,9,691,1,False,,,,,,,0,https://github.com/optimaondemand/optima-history/blob/main/ancient-egypt/thutmose-iii-and-the-battle-of-megiddo.html
ancient-harappan-indus-valley-cities-without-kings-the-mystery-of-the-indus-va,Cities Without Kings: The Mystery of the Indus Valley,ancient-harappan-indus-valley,wh6,6,week-07,historic-context,text-specific,extracted,12,1166,0,False,,,,,,,0,https://github.com/optimaondemand/optima-history/blob/main/ancient-harappan-indus-valley/cities-without-kings-the-mystery-of-the-indus-va.html
ancient-levant-digging-up-the-neolithic-jericho-and-catalhoyuk,Digging Up the Neolithic: Jericho and Çatalhöyük,ancient-levant,wh6,6,week-01,historic-context,text-specific,extracted,15,1022,2,False,source-criticism,,,,,,0,https://github.com/optimaondemand/optima-history/blob/main/ancient-levant/digging-up-the-neolithic-jericho-and-catalhoyuk.html
ancient-levant-jerusalem-falls-and-a-different-kind-of-belief,"Jerusalem Falls, and a Different Kind of Belief",ancient-levant,wh6,6,week-13,historic-context,text-specific,extracted,13,1047,3,False,,,,,,,0,https://github.com/optimaondemand/optima-history/blob/main/ancient-levant/jerusalem-falls-and-a-different-kind-of-belief.html
ancient-levant-phoenicia-trade-without-an-empire,"Phoenicia, Trade Without an Empire",ancient-levant,wh6,6,week-15,historical-concept,text-specific,extracted,11,969,0,False,,,,,,,0,https://github.com/optimaondemand/optima-history/blob/main/ancient-levant/phoenicia-trade-without-an-empire.html
ancient-levant-two-foundling-cities,Two Foundling Cities,ancient-levant,wh6,6,week-15,primary-source,text-specific,extracted,12,1083,1,False,pomerium,,,,,,0,https://github.com/optimaondemand/optima-history/blob/main/ancient-levant/two-foundling-cities.html
ancient-mesopotamia-a-basket-on-the-river-the-rise-of-sargon,A Basket on the River: The Rise of Sargon,ancient-mesopotamia,wh6,6,week-03,biography,text-specific,edited,9,675,1,False,,,,,,,0,https://github.com/optimaondemand/optima-history/blob/main/ancient-mesopotamia/a-basket-on-the-river-the-rise-of-sargon.html
ancient-mesopotamia-amorite-migration-and-the-rise-of-babylon,Amorite Migration and the Rise of Babylon,ancient-mesopotamia,wh6,6,week-04,biography,text-specific,extracted,8,558,0,False,,,,,,,0,https://github.com/optimaondemand/optima-history/blob/main/ancient-mesopotamia/amorite-migration-and-the-rise-of-babylon.html
ancient-mesopotamia-ashurbanipal-the-warrior-who-could-read,"Ashurbanipal, the Warrior Who Could Read",ancient-mesopotamia,wh6,6,week-12,biography,text-specific,extracted,14,1151,0,False,,,,,,,0,https://github.com/optimaondemand/optima-history/blob/main/ancient-mesopotamia/ashurbanipal-the-warrior-who-could-read.html
ancient-mesopotamia-ashurnasirpal-ii-and-terror-as-state-policy,Ashurnasirpal II and Terror as State Policy,ancient-mesopotamia,wh6,6,week-11,biography,text-specific,extracted,17,1349,1,False,,,,,,,0,https://github.com/optimaondemand/optima-history/blob/main/ancient-mesopotamia/ashurnasirpal-ii-and-terror-as-state-policy.html
ancient-mesopotamia-cuneiform-and-the-sumerian-king-list,Cuneiform and the Sumerian King List,ancient-mesopotamia,wh6,6,week-02,historic-context,text-specific,extracted,9,641,1,False,priest-king,,,,,,0,https://github.com/optimaondemand/optima-history/blob/main/ancient-mesopotamia/cuneiform-and-the-sumerian-king-list.html
ancient-mesopotamia-hammurabi-s-code-law-class-and-kingship,"Hammurabi's Code: Law, Class, and Kingship",ancient-mesopotamia,wh6,6,week-04,civic-concept,text-specific,extracted,12,876,1,False,commoner;eye-for-an-eye-justice;free-citizen,,,,,,0,https://github.com/optimaondemand/optima-history/blob/main/ancient-mesopotamia/hammurabi-s-code-law-class-and-kingship.html
ancient-mesopotamia-holding-an-empire-together-and-losing-it,"Holding an Empire Together, and Losing It",ancient-mesopotamia,wh6,6,week-03,primary-source,text-specific,extracted,10,687,0,False,,,,,,,0,https://github.com/optimaondemand/optima-history/blob/main/ancient-mesopotamia/holding-an-empire-together-and-losing-it.html
ancient-mesopotamia-nebuchadnezzar-s-babylon-a-city-built-to-dazzle,"Nebuchadnezzar's Babylon, a City Built to Dazzle",ancient-mesopotamia,wh6,6,week-13,biography,text-specific,extracted,9,1005,0,False,,,,,,,0,https://github.com/optimaondemand/optima-history/blob/main/ancient-mesopotamia/nebuchadnezzar-s-babylon-a-city-built-to-dazzle.html
ancient-mesopotamia-the-black-obelisk-and-israel-s-first-contact-wit,"The Black Obelisk, and Israel's First Contact with Assyria",ancient-mesopotamia,wh6,6,week-11,primary-source,text-specific,extracted,10,952,0,False,tribute;vassal,,,,,,0,https://github.com/optimaondemand/optima-history/blob/main/ancient-mesopotamia/the-black-obelisk-and-israel-s-first-contact-wit.html
ancient-mesopotamia-the-fall-of-nineveh-and-war-as-the-ultimate-test,"The Fall of Nineveh, and War as the Ultimate Test",ancient-mesopotamia,wh6,6,week-12,primary-source,text-specific,extracted,8,853,0,False,,,,,,,0,https://github.com/optimaondemand/optima-history/blob/main/ancient-mesopotamia/the-fall-of-nineveh-and-war-as-the-ultimate-test.html
ancient-mesopotamia-why-cities-uruk-and-the-birth-of-urban-life,Why Cities? Uruk and the Birth of Urban Life,ancient-mesopotamia,wh6,6,week-02,geography,text-specific,extracted,17,1026,0,False,priest-king,,,,,,0,https://github.com/optimaondemand/optima-history/blob/main/ancient-mesopotamia/why-cities-uruk-and-the-birth-of-urban-life.html
ancient-mesopotamia-why-farm-the-origins-of-agriculture,Why Farm? The Origins of Agriculture,ancient-mesopotamia,wh6,6,week-01,geography,text-specific,extracted,17,1358,4,False,,,,,,,0,https://github.com/optimaondemand/optima-history/blob/main/ancient-mesopotamia/why-farm-the-origins-of-agriculture.html
archaic-classical-greece-homer-and-the-memory-of-a-lost-world,Homer and the Memory of a Lost World,archaic-classical-greece,wh6,6,week-16,primary-source,text-specific,extracted,20,1326,0,False,arete;polis;prudence,,,,,,0,https://github.com/optimaondemand/optima-history/blob/main/archaic-classical-greece/homer-and-the-memory-of-a-lost-world.html
bronze-dark-age-greece-minoan-and-mycenaean-civilization-palace-economi,"Minoan and Mycenaean Civilization: Palace Economies, Beehive Tombs, and the Wanax",bronze-dark-age-greece,wh6,6,week-08,historical-concept,text-specific,extracted,16,1271,0,False,,,,,,,0,https://github.com/optimaondemand/optima-history/blob/main/bronze-dark-age-greece/minoan-and-mycenaean-civilization-palace-economi.html
bronze-dark-age-greece-pylos-s-final-days-and-what-survives-the-collaps,"Pylos's Final Days, and What Survives the Collapse",bronze-dark-age-greece,wh6,6,week-09,primary-source,text-specific,extracted,9,917,1,False,palace-economy,,,,,,0,https://github.com/optimaondemand/optima-history/blob/main/bronze-dark-age-greece/pylos-s-final-days-and-what-survives-the-collaps.html
bronze-dark-age-greece-the-dark-age-after-the-palaces,The Dark Age After the Palaces,bronze-dark-age-greece,wh6,6,week-16,historical-concept,text-specific,extracted,8,885,0,False,,,,,,,0,https://github.com/optimaondemand/optima-history/blob/main/bronze-dark-age-greece/the-dark-age-after-the-palaces.html
persian-near-east-babylon-falls-and-a-cylinder-s-real-message,"Babylon Falls, and a Cylinder's Real Message",persian-near-east,wh6,6,week-17,primary-source,text-specific,extracted,8,729,1,False,,,,,,,0,https://github.com/optimaondemand/optima-history/blob/main/persian-near-east/babylon-falls-and-a-cylinder-s-real-message.html
persian-near-east-cambyses-at-pelusium-and-a-source-worth-doubting,"Cambyses at Pelusium, and a Source Worth Doubting",persian-near-east,wh6,6,week-18,primary-source,text-specific,extracted,8,817,1,False,satrapy,,,,,,0,https://github.com/optimaondemand/optima-history/blob/main/persian-near-east/cambyses-at-pelusium-and-a-source-worth-doubting.html
persian-near-east-cyaxares-an-eclipse-and-a-kingdom-not-yet-finish,"Cyaxares, an Eclipse, and a Kingdom Not Yet Finished",persian-near-east,wh6,6,week-14,historic-context,text-specific,extracted,11,999,2,False,,,,,,,0,https://github.com/optimaondemand/optima-history/blob/main/persian-near-east/cyaxares-an-eclipse-and-a-kingdom-not-yet-finish.html
persian-near-east-cyrus-s-rise-and-a-basket-story-told-again,"Cyrus's Rise, and a Basket Story Told Again",persian-near-east,wh6,6,week-17,biography,text-specific,extracted,12,875,2,False,,,,,,,0,https://github.com/optimaondemand/optima-history/blob/main/persian-near-east/cyrus-s-rise-and-a-basket-story-told-again.html
persian-near-east-darius-s-rock-and-persia-looks-west,"Darius's Rock, and Persia Looks West",persian-near-east,wh6,6,week-18,primary-source,text-specific,extracted,12,873,1,False,,,,,,,0,https://github.com/optimaondemand/optima-history/blob/main/persian-near-east/darius-s-rock-and-persia-looks-west.html
persian-near-east-six-centuries-in-the-shadows,Six Centuries in the Shadows,persian-near-east,wh6,6,week-14,historic-context,text-specific,extracted,12,1045,1,False,,,,,,,0,https://github.com/optimaondemand/optima-history/blob/main/persian-near-east/six-centuries-in-the-shadows.html
predynastic-shang-china-shang-china-oracle-bones-and-ancestor-kings,Shang China: Oracle Bones and Ancestor Kings,predynastic-shang-china,wh6,6,week-07,historic-context,text-specific,extracted,13,1174,1,False,,,,,,,0,https://github.com/optimaondemand/optima-history/blob/main/predynastic-shang-china/shang-china-oracle-bones-and-ancestor-kings.html
spanish-republic-texas-a-constitution-falls,A Constitution Falls,spanish-republic-texas,txhist7,7,quarter-2-week-10,historic-context,text-specific,extracted,7,241,0,False,abdication,,,,,,0,https://github.com/optimaondemand/optima-history/blob/main/spanish-republic-texas/a-constitution-falls.html
spanish-republic-texas-a-decade-of-patience-ends-in-a-prison-cell,A decade of patience ends in a prison cell.,spanish-republic-texas,txhist7,7,quarter-2-week-13,biography,text-specific,extracted,6,254,0,False,conciliation,,,,,,0,https://github.com/optimaondemand/optima-history/blob/main/spanish-republic-texas/a-decade-of-patience-ends-in-a-prison-cell.html
spanish-republic-texas-a-republic-running-out,A Republic Running Out,spanish-republic-texas,txhist7,7,quarter-2-week-18,historic-context,text-specific,extracted,5,239,0,False,,,,,,,0,https://github.com/optimaondemand/optima-history/blob/main/spanish-republic-texas/a-republic-running-out.html
spanish-republic-texas-building-a-government,Building a Government,spanish-republic-texas,txhist7,7,quarter-2-week-16,civic-concept,text-specific,extracted,6,259,0,False,interim-government,,,,,,0,https://github.com/optimaondemand/optima-history/blob/main/spanish-republic-texas/building-a-government.html
spanish-republic-texas-coleto-creek-and-the-rifle,Coleto Creek and the Rifle,spanish-republic-texas,txhist7,7,quarter-2-week-15,historic-context,text-specific,extracted,5,249,0,False,,,,,,,0,https://github.com/optimaondemand/optima-history/blob/main/spanish-republic-texas/coleto-creek-and-the-rifle.html
spanish-republic-texas-counting-the-colony,Counting the Colony,spanish-republic-texas,txhist7,7,quarter-1-week-06,historical-concept,text-specific,extracted,4,192,1,False,,,,,,,0,https://github.com/optimaondemand/optima-history/blob/main/spanish-republic-texas/counting-the-colony.html
spanish-republic-texas-gonzales-to-bexar,Gonzales to Béxar,spanish-republic-texas,txhist7,7,quarter-2-week-14,historic-context,text-specific,extracted,5,247,0,False,consultation,,,,,,0,https://github.com/optimaondemand/optima-history/blob/main/spanish-republic-texas/gonzales-to-bexar.html
spanish-republic-texas-governing-themselves,Governing Themselves,spanish-republic-texas,txhist7,7,quarter-2-week-11,civic-concept,text-specific,extracted,6,330,1,False,alcalde,,,,,,0,https://github.com/optimaondemand/optima-history/blob/main/spanish-republic-texas/governing-themselves.html
spanish-republic-texas-la-salle-s-mistake,La Salle's Mistake,spanish-republic-texas,txhist7,7,quarter-1-week-05,historic-context,text-specific,extracted,5,251,0,False,,,,,,,0,https://github.com/optimaondemand/optima-history/blob/main/spanish-republic-texas/la-salle-s-mistake.html
spanish-republic-texas-lamar-s-war,Lamar's War,spanish-republic-texas,txhist7,7,quarter-2-week-17,civic-concept,text-specific,extracted,5,311,0,False,,,,,,,0,https://github.com/optimaondemand/optima-history/blob/main/spanish-republic-texas/lamar-s-war.html
spanish-republic-texas-mexico-s-northern-problem,Mexico's Northern Problem,spanish-republic-texas,txhist7,7,quarter-1-week-09,historical-concept,text-specific,extracted,3,149,0,False,empresario,,,,,,0,https://github.com/optimaondemand/optima-history/blob/main/spanish-republic-texas/mexico-s-northern-problem.html
spanish-republic-texas-mission-presidio-pueblo,"Mission, Presidio, Pueblo",spanish-republic-texas,txhist7,7,quarter-1-week-06,historical-concept,text-specific,extracted,4,265,1,False,acequias,,,,,,0,https://github.com/optimaondemand/optima-history/blob/main/spanish-republic-texas/mission-presidio-pueblo.html
spanish-republic-texas-money-land-and-a-capital,"Money, Land, and a Capital",spanish-republic-texas,txhist7,7,quarter-2-week-16,economics-concept,text-specific,extracted,5,247,0,False,,,,,,,0,https://github.com/optimaondemand/optima-history/blob/main/spanish-republic-texas/money-land-and-a-capital.html
spanish-republic-texas-moses-and-stephen-austin,Moses and Stephen Austin,spanish-republic-texas,txhist7,7,quarter-1-week-09,biography,text-specific,extracted,4,202,0,False,,,,,,,0,https://github.com/optimaondemand/optima-history/blob/main/spanish-republic-texas/moses-and-stephen-austin.html
spanish-republic-texas-napoleon-s-shock-and-mexico-s-war,Napoleon's Shock and Mexico's War,spanish-republic-texas,txhist7,7,quarter-1-week-08,historic-context,text-specific,extracted,5,237,0,False,,,,,,,0,https://github.com/optimaondemand/optima-history/blob/main/spanish-republic-texas/napoleon-s-shock-and-mexico-s-war.html
spanish-republic-texas-nine-years-of-independence-end-in-a-joint-resolu,Nine years of independence end in a joint resolution.,spanish-republic-texas,txhist7,7,quarter-2-week-18,civic-concept,text-specific,extracted,6,271,0,False,,,,,,,0,https://github.com/optimaondemand/optima-history/blob/main/spanish-republic-texas/nine-years-of-independence-end-in-a-joint-resolu.html
spanish-republic-texas-san-jacinto,San Jacinto,spanish-republic-texas,txhist7,7,quarter-2-week-15,geography,text-specific,extracted,5,209,0,False,,,,,,,0,https://github.com/optimaondemand/optima-history/blob/main/spanish-republic-texas/san-jacinto.html
spanish-republic-texas-san-saba-and-the-limit-of-empire,San Sabá and the Limit of Empire,spanish-republic-texas,txhist7,7,quarter-1-week-07,geography,text-specific,extracted,5,234,0,False,,,,,,,0,https://github.com/optimaondemand/optima-history/blob/main/spanish-republic-texas/san-saba-and-the-limit-of-empire.html
spanish-republic-texas-spain-reacts,Spain Reacts,spanish-republic-texas,txhist7,7,quarter-1-week-05,geography,text-specific,extracted,5,269,0,False,,,,,,,0,https://github.com/optimaondemand/optima-history/blob/main/spanish-republic-texas/spain-reacts.html
spanish-republic-texas-the-alamo,The Alamo,spanish-republic-texas,txhist7,7,quarter-2-week-14,primary-source,text-specific,extracted,5,259,0,False,,,,,,,0,https://github.com/optimaondemand/optima-history/blob/main/spanish-republic-texas/the-alamo.html
spanish-republic-texas-the-bourbon-reforms,The Bourbon Reforms,spanish-republic-texas,txhist7,7,quarter-1-week-08,civic-concept,text-specific,extracted,5,227,0,False,criollos,,,,,,0,https://github.com/optimaondemand/optima-history/blob/main/spanish-republic-texas/the-bourbon-reforms.html
spanish-republic-texas-the-comanche-come-south,The Comanche Come South,spanish-republic-texas,txhist7,7,quarter-1-week-07,historic-context,text-specific,extracted,5,249,0,False,,,,,,,0,https://github.com/optimaondemand/optima-history/blob/main/spanish-republic-texas/the-comanche-come-south.html
spanish-republic-texas-the-federation-comes-apart,The Federation Comes Apart,spanish-republic-texas,txhist7,7,quarter-2-week-13,civic-concept,text-specific,extracted,7,284,1,False,centralism,,,,,,0,https://github.com/optimaondemand/optima-history/blob/main/spanish-republic-texas/the-federation-comes-apart.html
spanish-republic-texas-the-long-ride-south,The Long Ride South,spanish-republic-texas,txhist7,7,quarter-2-week-10,biography,text-specific,extracted,4,265,0,False,,,,,,,0,https://github.com/optimaondemand/optima-history/blob/main/spanish-republic-texas/the-long-ride-south.html
spanish-republic-texas-the-old-three-hundred,The Old Three Hundred,spanish-republic-texas,txhist7,7,quarter-2-week-11,geography,text-specific,extracted,7,332,1,False,,,,,,,0,https://github.com/optimaondemand/optima-history/blob/main/spanish-republic-texas/the-old-three-hundred.html
spanish-republic-texas-the-screws-tighten,The Screws Tighten,spanish-republic-texas,txhist7,7,quarter-2-week-12,civic-concept,text-specific,extracted,7,293,2,False,convention,,,,,,0,https://github.com/optimaondemand/optima-history/blob/main/spanish-republic-texas/the-screws-tighten.html
spanish-republic-texas-walker-s-creek-and-the-revolver,Walker's Creek and the Revolver,spanish-republic-texas,txhist7,7,quarter-2-week-17,historic-context,text-specific,extracted,4,244,0,False,,,,,,,0,https://github.com/optimaondemand/optima-history/blob/main/spanish-republic-texas/walker-s-creek-and-the-revolver.html
spanish-republic-texas-what-1824-promised,What 1824 Promised,spanish-republic-texas,txhist7,7,quarter-2-week-12,civic-concept,text-specific,extracted,7,379,1,False,federalism,,,,,,0,https://github.com/optimaondemand/optima-history/blob/main/spanish-republic-texas/what-1824-promised.html
